label,mean_sasa_angstrom2,median_sasa_angstrom2,std_sasa_angstrom2,min_sasa_angstrom2,max_sasa_angstrom2
T:SEP856,144.6097426300049,149.72308349609375,45.000303375500756,0.0,406.0026550292969
T:SEP857,44.04795141935349,44.6369686126709,19.472660804121862,0.0,99.92576599121094
T:SEP859,38.16632928943634,35.83218574523926,19.0813538378538,0.0,106.39872741699219
T:TPO860,65.87859999847412,65.57154846191406,22.29134744236124,0.0,186.15988159179688
TOTAL,292.7026234436035,294.7807159423828,72.41175248399442,0.0,718.10546875
