label,reference_system,target_system,reference_mean_sasa_angstrom2,target_mean_sasa_angstrom2,delta_mean_sasa_angstrom2,reference_median_sasa_angstrom2,target_median_sasa_angstrom2,delta_median_sasa_angstrom2
T:SEP856,A,I669G,154.3492423506344,131.48975858688354,22.85948376375086,155.24105072021484,135.34172821044922,19.899322509765625
T:SEP857,A,I669G,54.815547997099074,84.7421559562683,-29.92660795916923,41.9264030456543,73.49616241455078,-31.569759368896484
T:SEP859,A,I669G,41.02620293813593,47.270594921112064,-6.244391982976133,31.712895393371582,47.21478271484375,-15.501887321472168
T:TPO860,A,I669G,57.83608784289921,72.51036492919921,-14.674277086300002,58.49701118469238,63.07992362976074,-4.582912445068359
TOTAL,A,I669G,308.0270810519948,336.01287451171873,-27.985793459723936,290.15745544433594,339.71539306640625,-49.55793762207031
