label,reference_system,target_system,reference_mean_sasa_angstrom2,target_mean_sasa_angstrom2,delta_mean_sasa_angstrom2,reference_median_sasa_angstrom2,target_median_sasa_angstrom2,delta_median_sasa_angstrom2
T:SEP856,A,F670G,154.3492423506344,138.98688842773439,15.362353922900013,155.24105072021484,145.2587127685547,9.982337951660156
T:SEP857,A,F670G,54.815547997099074,54.55936976337433,0.25617823372474646,41.9264030456543,49.81899833679199,-7.892595291137695
T:SEP859,A,F670G,41.02620293813593,48.45718903803825,-7.43098609990232,31.712895393371582,38.053091049194336,-6.340195655822754
T:TPO860,A,F670G,57.83608784289921,64.64840574502945,-6.812317902130239,58.49701118469238,62.70551681518555,-4.208505630493164
TOTAL,A,F670G,308.0270810519948,306.6518526916504,1.3752283603444084,290.15745544433594,304.2565612792969,-14.099105834960938
