label,mean_sasa_angstrom2,median_sasa_angstrom2,std_sasa_angstrom2,min_sasa_angstrom2,max_sasa_angstrom2
T:SEP856,154.3492423506344,155.24105072021484,47.29949813844133,0.0,491.6753845214844
T:SEP857,54.815547997099074,41.9264030456543,48.72651166660369,0.0,205.38360595703125
T:SEP859,41.02620293813593,31.712895393371582,31.8362117649964,0.0,150.95741271972656
T:TPO860,57.83608784289921,58.49701118469238,19.780127642036994,0.0,158.91627502441406
TOTAL,308.0270810519948,290.15745544433594,97.75644823011885,0.0,838.8051147460938
