donor_segid,donor_resname,donor_resid,donor_residue_label,frames_observed,lifetime_ps,max_continuous_ps,segments_count
C,LYS,10,C:LYS10,328,160.35332879999996,2.9332925999999997,249
C,LYS,11,C:LYS11,279,136.3981059,2.4444105,214
C,LYS,107,C:LYS107,239,116.8428219,2.4444105,177
C,ARG,25,C:ARG25,52,25.421869200000003,6.3554673,25
C,ARG,161,C:ARG161,3,1.4666462999999998,0.4888821,3
