label,reference_system,target_system,reference_mean_sasa_angstrom2,target_mean_sasa_angstrom2,delta_mean_sasa_angstrom2,reference_median_sasa_angstrom2,target_median_sasa_angstrom2,delta_median_sasa_angstrom2
T:SEP856,A,R668G,154.3492423506344,139.19366732788086,15.155575022753538,155.24105072021484,141.42198181152344,13.819068908691406
T:SEP857,A,R668G,54.815547997099074,28.313552036345005,26.50199596075407,41.9264030456543,24.81789493560791,17.108508110046387
T:SEP859,A,R668G,41.02620293813593,26.300104656726123,14.726098281409808,31.712895393371582,15.38874626159668,16.324149131774902
T:TPO860,A,R668G,57.83608784289921,68.08967238235473,-10.253584539455524,58.49701118469238,66.5675163269043,-8.070505142211914
TOTAL,A,R668G,308.0270810519948,261.8969969787598,46.130084073235025,290.15745544433594,252.24313354492188,37.91432189941406
