label,mean_sasa_angstrom2,median_sasa_angstrom2,std_sasa_angstrom2,min_sasa_angstrom2,max_sasa_angstrom2
T:SEP856,139.19366732788086,141.42198181152344,46.31409760539638,0.0,427.2077941894531
T:SEP857,28.313552036345005,24.81789493560791,18.626282766493755,0.0,144.55203247070312
T:SEP859,26.300104656726123,15.38874626159668,31.023881438833325,0.0,144.93765258789062
T:TPO860,68.08967238235473,66.5675163269043,26.726797799295102,0.0,244.74813842773438
TOTAL,261.8969969787598,252.24313354492188,93.39123604454905,0.0,842.9696044921875
