label,mean_sasa_angstrom2,median_sasa_angstrom2,std_sasa_angstrom2,min_sasa_angstrom2,max_sasa_angstrom2
T:SEP856,131.48975858688354,135.34172821044922,55.45617181904731,0.0,264.4961853027344
T:SEP857,84.7421559562683,73.49616241455078,46.074765671799966,0.0,214.7426300048828
T:SEP859,47.270594921112064,47.21478271484375,19.09382424853962,0.0,114.02818298339844
T:TPO860,72.51036492919921,63.07992362976074,35.11940499846129,0.0,206.1298828125
TOTAL,336.01287451171873,339.71539306640625,93.81069149641965,0.0,684.5326538085938
