label,mean_sasa_angstrom2,median_sasa_angstrom2,std_sasa_angstrom2,min_sasa_angstrom2,max_sasa_angstrom2
L:SEP856,116.62214680671691,115.00529479980469,53.229480445664215,0.0,254.40692138671875
L:SEP857,64.95895475578308,59.997798919677734,37.327196316649484,0.0,174.2819061279297
L:SEP859,73.2464672203064,74.1334228515625,31.561798646008466,0.0,164.41729736328125
L:TPO860,85.71249877929688,90.12909317016602,33.64731309306275,0.0,233.1484375
TOTAL,340.54006698608396,334.8702087402344,90.62301676845438,0.0,566.7753295898438
