donor_segid,donor_resname,donor_resid,donor_residue_label,frames_observed,lifetime_ps,max_continuous_ps,segments_count
A,ARG,25,A:ARG25,767,374.9725707,36.1772754,143
A,LYS,11,A:LYS11,731,357.37281509999997,2.9332925999999997,524
A,LYS,10,A:LYS10,396,193.5973116,2.4444105,303
A,ARG,7,A:ARG7,377,184.3085517,20.044166099999998,77
A,LYS,107,A:LYS107,155,75.7767255,2.4444105,115
A,ARG,161,A:ARG161,44,21.5108124,1.4666462999999998,36
A,ARG,165,A:ARG165,1,0.4888821,0.4888821,1
