donor_segid,donor_resname,donor_resid,donor_residue_label,frames_observed,lifetime_ps,max_continuous_ps,segments_count
A,LYS,11,A:LYS11,670,327.55100699999997,5.866585199999999,426
A,ARG,25,A:ARG25,591,288.9293211,48.88821,128
A,ARG,7,A:ARG7,521,254.7075741,42.0438606,92
A,LYS,10,A:LYS10,397,194.0861937,2.4444105,319
A,LYS,107,A:LYS107,138,67.4657298,3.4221747,101
A,ARG,165,A:ARG165,49,23.9552229,5.3777031,21
A,ARG,161,A:ARG161,24,11.7331704,1.9555284,20
A,LYS,4,A:LYS4,2,0.9777642,0.9777642,1
