donor_segid,donor_resname,donor_resid,donor_residue_label,frames_observed,lifetime_ps,max_continuous_ps,segments_count
A,LYS,11,A:LYS11,431,210.7081851,3.9110568,312
A,LYS,10,A:LYS10,430,210.21930299999997,3.4221747,323
A,ARG,7,A:ARG7,314,153.5089794,22.9774587,77
A,ARG,25,A:ARG25,214,104.62076939999999,8.799877799999999,105
A,LYS,107,A:LYS107,177,86.5321317,1.4666462999999998,149
A,ARG,165,A:ARG165,22,10.7554062,4.3999388999999995,7
A,ARG,161,A:ARG161,16,7.822113600000001,0.9777642,12
