donor_segid,donor_resname,donor_resid,donor_residue_label,frames_observed,lifetime_ps,max_continuous_ps,segments_count
A,ARG,25,A:ARG25,813,397.4611473,65.5102014,115
A,LYS,11,A:LYS11,771,376.9280991,4.888821,503
A,ARG,7,A:ARG7,691,337.8175311,53.288148899999996,219
A,LYS,10,A:LYS10,582,284.5293822,3.4221747,429
A,LYS,107,A:LYS107,329,160.8422109,2.9332925999999997,250
A,ARG,161,A:ARG161,49,23.955222899999995,1.9555284,28
A,LYS,160,A:LYS160,13,6.355467299999999,1.4666462999999998,9
