donor_segid,donor_resname,donor_resid,donor_residue_label,frames_observed,lifetime_ps,max_continuous_ps,segments_count
A,LYS,11,A:LYS11,668,326.57324279999995,3.4221747,472
A,LYS,10,A:LYS10,414,202.3971894,2.9332925999999997,285
A,ARG,25,A:ARG25,340,166.219914,31.2884544,95
A,ARG,7,A:ARG7,335,163.77550349999996,12.7109346,104
A,LYS,107,A:LYS107,143,69.9101403,1.9555284,107
A,ARG,161,A:ARG161,125,61.11026249999999,3.4221747,84
A,ARG,165,A:ARG165,44,21.5108124,5.3777031,14
A,LYS,4,A:LYS4,13,6.3554673,1.4666462999999998,7
A,LYS,160,A:LYS160,1,0.4888821,0.4888821,1
