label,mean_sasa_angstrom2,median_sasa_angstrom2,std_sasa_angstrom2,min_sasa_angstrom2,max_sasa_angstrom2
T:SEP856,138.98688842773439,145.2587127685547,55.91331796851896,0.0,272.7461242675781
T:SEP857,54.55936976337433,49.81899833679199,31.024769020983378,0.0,155.2995147705078
T:SEP859,48.45718903803825,38.053091049194336,38.06188041965309,0.0,180.86441040039062
T:TPO860,64.64840574502945,62.70551681518555,36.86708863317056,0.0,152.7095489501953
TOTAL,306.6518526916504,304.2565612792969,98.86485847602249,0.0,576.4335327148438
